id	locus	cdr3	cdr3_aa	v_family	d_family	j_family	cdr3_length	label
nAB-001	IGH	GCGAGAGGTCAAACGTACAACTGGGAGAGGAATTGGTTCGATCCC	ARGQTYNWERNWFDP	IGHV1-2	IGHD1-1	IGHJ5	45	sn3
nAB-002	IGH	GCGAGAGGCATGGAGGGGACGCATCACGATCACATTTGGGGGAGTTATCGCCCTCTTGGGGCTCTTGATGTC	ARGMEGTHHDHIWGSYRPLGALDV	IGHV1-46	IGHD3-16	IGHJ3	72	sn3
nAB-003	IGH	GCGAGAGGGGACCTTGGGGAAGTCCGAGCTGACTAC	ARGDLGEVRADY	IGHV3-53	IGHD3-16	IGHJ4	36	sn3
nAB-004	IGH	GCGAGAGAGCTGGAAAATGCGGCGGCTCCGCATAAAGATTATTGGAGTACTTTAAGTGGATCGACATCCTACTTCCTCGGTCTGGACGTC	ARELENAAAPHKDYWSTLSGSTSYFLGLDV	IGHV1-46	IGHD3-3	IGHJ6	90	sn3
nAB-005	IGH	GCGAAAGACAAGCGCCCCGTGGATGCAGTGACTACGATGTGGGGGGGACTTCATTACTACTACTATGGTATGGACGTC	AKDKRPVDAVTTMWGGLHYYYYGMDV	IGHV3-30	IGHD5-12	IGHJ6	78	sn3
nAB-006	IGH	GCGAGAGATCTGGGAACCGCGGCGGCTCCCTATAACGACTTTTGGAGTGCTTTAAGTGGATCGGTTTCATTCTATTCCGGTATGGACGTC	ARDLGTAAAPYNDFWSALSGSVSFYSGMDV	IGHV1-46	IGHD3-3	IGHJ6	90	sn3
nAB-007	IGH	GCCAGAGGGGGATATTATGATAGTCGTGGTTATATCTTCCGGGGCTTTGACCAC	ARGGYYDSRGYIFRGFDH	IGHV3-49	IGHD3-22	IGHJ4	54	sn3
nAB-008	IGH	GCACACAGACGCCCCGCTGACGACGTCATCTTTCCAGCTGCTGCCAACTGGTTCGACACC	AHRRPADDVIFPAAANWFDT	IGHV2-5	IGHD2-2	IGHJ5	60	sn3
nAB-009	IGH	GCGAGGGAGAACGAGGGGGGGACGGATGACGATTTTTGGAGTGGTTTGGGGCGGGGCAAATACTACAACCACGGAATGGACGTC	ARENEGGTDDDFWSGLGRGKYYNHGMDV	IGHV1-46	IGHD3-3	IGHJ6	84	sn3
nAB-010	IGH	GCGAGATCGGGGGGCAAGAGGGAAAAAGATTTTTGGAGTGGTTATTCCGGCTTATTTGATGGCTTTGATGTC	ARSGGKREKDFWSGYSGLFDGFDV	IGHV1-46	IGHD3-3	IGHJ3	72	sn3
nAB-011	IGH	ACTAGAGAGCGACGATATTGTAGTGATACCAGCTGCGGCTCCTACTTTGACTAC	TRERRYCSDTSCGSYFDY	IGHV3-49	IGHD2-2	IGHJ4	54	sn3
nAB-012	IGH	GCGGCTCCCCATTGTAATAGGACCAACTGTCATGATGGTTTTGATGTC	AAPHCNRTNCHDGFDV	IGHV1-58	IGHD2-2	IGHJ3	48	sn3
nAB-013	IGH	GTGAGAGATGTCCCTCGGAGGGGAGTTAGTGAC	VRDVPRRGVSD	IGHV3-66	IGHD3-10	IGHJ4	33	sn3
nAB-014	IGH	GCGAGAGGCTGTAGTGGTGGTAGCTGCGACTCGGATGCTTTTGATATC	ARGCSGGSCDSDAFDI	IGHV3-33	IGHD2-15	IGHJ3	48	sn3
nAB-015	IGH	GCGAGAGAGGATTACTACGATAGTAGTGGCTCCTTTGACTAC	AREDYYDSSGSFDY	IGHV3-30	IGHD3-22	IGHJ4	42	sn3
nAB-016	IGH	GCGAGACTCGGACTACACACAATCCGTGATGCTTTTGATATC	ARLGLHTIRDAFDI	IGHV4-34	IGHD4-11	IGHJ3	42	sn3
nAB-017	IGH	GCAACAAACCCCAAGTATAGCAGCAGCTGGAGAACACTTGACTTC	ATNPKYSSSWRTLDF	IGHV1-69-2	IGHD6-13	IGHJ4	45	sn3
nAB-018	IGH	GCGAGACTCGGGCTACACACAATCCGTGATGCTTTTGATATC	ARLGLHTIRDAFDI	IGHV4-34	IGHD5-24	IGHJ3	42	sn3
nAB-019	IGH	GCACGGGAGCTAGCAATGACGACAACCCTTGACTCC	ARELAMTTTLDS	IGHV2-70	IGHD1-26	IGHJ4	36	sn3
nAB-020	IGH	GTGAGACCCCATGCATATAACTGGAACTACCTGCTG	VRPHAYNWNYLL	IGHV5-51	IGHD1-7	IGHJ4	36	sn3
nAB-021	IGH	GCGACAGAAGCGTGGGGGGATGGCCCAAACCTATACTACTTTGACTTC	ATEAWGDGPNLYYFDF	IGHV1-69	IGHD3-16	IGHJ4	48	sn3
nAB-022	IGH	GCGGCGCCCCACTGTCGTGGTGGTACCTGCTACGATGGCTTTGATCTC	AAPHCRGGTCYDGFDL	IGHV1-58	IGHD2-15	IGHJ3	48	sn3
nAB-023	IGH	GCGAAAGAGGGTGGCTACGCCTCACCGGGGGCGTCTACATACTTTCAATAC	AKEGGYASPGASTYFQY	IGHV1-69	IGHD5-12	IGHJ4	51	sn3
nAB-024	IGH	GCGAGAGTCATTTTAGGGAGTCTTGGGAACTACTACGATGCCGATGCTTTTGATATG	ARVILGSLGNYYDADAFDM	IGHV1-69	IGHD1-26	IGHJ3	57	sn3
nAB-025	IGH	GCGAGACAACTGTGGCGACGAGGCGCCTTTGACTAC	ARQLWRRGAFDY	IGHV4-59	IGHD5-12	IGHJ4	36	sn3
nAB-026	IGH	GCGAGAGGCTGTAATGGGGGTAGCTGTGATTCGGACGCTTTTGATATC	ARGCNGGSCDSDAFDI	IGHV3-33	IGHD2-15	IGHJ3	48	sn3
nAB-027	IGH	GCGAGAGAAAAGAAGGCCGTGTCTCACGATTTTTGGGACTTCGATCGGGACTACCAATACGGAATGGACGTC	AREKKAVSHDFWDFDRDYQYGMDV	IGHV1-46	IGHD3-3	IGHJ6	72	sn3
nAB-028	IGH	GCGAGAGATACCCGCGAATCTTATGATTTTTGGAGTGGTCATTATTTCGGGGGTCATTTCCCTAACTGGTTCGACCCC	ARDTRESYDFWSGHYFGGHFPNWFDP	IGHV1-46	IGHD3-3	IGHJ5	78	sn3
nAB-029	IGH	GTGAAAGATGGGCACTAATTTGATATT	VKDGH*FDI	IGHV3-30	IGHD3/OR15-3a	IGHJ3	27	sn3
nAB-030	IGH	GCGAGAGCTAAGATTCACGATTTCTGGAGTGGTTATTATTTTCCCCACGGAGACGCCAGCTACAACTACCCCGACGGTTTGGATGTC	ARAKIHDFWSGYYFPHGDASYNYPDGLDV	IGHV1-46	IGHD3-3	IGHJ6	87	sn3
nAB-031	IGH	GCGAGAGATGAGAGACAATTTTTGGAGGGGTCATTTAGCCTTTCGACTGCTTTAGGGGGCGGAGCTCCGTCGAACGGCTTGGCCGTC	ARDERQFLEGSFSLSTALGGGAPSNGLAV	IGHV1-46	IGHD3-3	IGHJ6	87	sn3
nAB-032	IGH	GCGAGGGGAACCGCTGCTCATGACGATTTTTGGAGTGGTTATCAGGCAAATAGCGGGCTGGACCCA	ARGTAAHDDFWSGYQANSGLDP	IGHV1-18	IGHD3-3	IGHJ5	66	sn3
nAB-033	IGH	GCGAGAGATAGGGCATCAGCTGGTAGTTCCTACGTCCACTACACGGACGTC	ARDRASAGSSYVHYTDV	IGHV3-66	IGHD6-13	IGHJ6	51	sn3
nAB-034	IGH	GCGAGAGAGTCGGGATATAGTGACTACGGAAGCAGTTACTACTTTGACCCA	ARESGYSDYGSSYYFDP	IGHV1-69	IGHD5-12	IGHJ4	51	sn3
nAB-035	IGH	GCGAGAGATCTCCCAGCCCCGAAAACGGCGTCCTTCGATCTTTCGGGGGCCTTGGGGGGGACATACTACAACTACGGACTGGACGTC	ARDLPAPKTASFDLSGALGGTYYNYGLDV	IGHV1-46	IGHD3-10	IGHJ6	87	sn3
nAB-036	IGH	GCGAGAGATATCGGGGACAAGGGGAATTACGATTTTTGGAGTGGGAATTTTTATCGTTCGGGCGGTATGGACGTC	ARDIGDKGNYDFWSGNFYRSGGMDV	IGHV1-46	IGHD3-3	IGHJ6	75	sn3
nAB-037	IGH	GCGAGAGAGTCGGGATACAGTGACTACGGAAGCACTTACTACTTTGACCAG	ARESGYSDYGSTYYFDQ	IGHV1-69	IGHD5-12	IGHJ4	51	sn3
nAB-038	IGH	GCGAGAGATCTAATGGAGGGCGGCGGTATGGACGTC	ARDLMEGGGMDV	IGHV3-53	IGHD2-8	IGHJ6	36	sn3
nAB-039	IGH	GGGAAAGGTCAAACTTATGACTGGAAGAAAAATTGGTTGGACTCC	GKGQTYDWKKNWLDS	IGHV1-2	IGHD1-20	IGHJ5	45	sn3
nAB-040	IGH	GCGAGAGGCATTTTCGATATTTTTGACTAC	ARGIFDIFDY	IGHV3-66	IGHD3-3	IGHJ4	30	sn2
nAB-041	IGH	GCACGGAAATGTCTGGCTTTTGACTAC	ARKCLAFDY	IGHV2-70	IGHD5-12	IGHJ4	27	sn2
nAB-042	IGH	GCGAGAGGCGACGGCTCCAGCGGCGGCTACTACTACTACGGTATGGACGTC	ARGDGSSGGYYYYGMDV	IGHV3-66	IGHD6-25	IGHJ6	51	sn2
nAB-043	IGH	GCAACAAGCCTAGTTATCGTCGGAAACTATGGTGACTACTCCAACTACTACGGTATGGACGTC	ATSLVIVGNYGDYSNYYGMDV	IGHV1-24	IGHD3-16	IGHJ6	63	sn2
nAB-044	IGH	GCGAGAGGATATAGTGGCTACGATGATGCTTTTGATATC	ARGYSGYDDAFDI	IGHV3-33	IGHD5-12	IGHJ3	39	sn2
nAB-045	IGH	GCAACGACTTATGCTATAGTGGGACCTATGCCCCCTGACTAC	ATTYAIVGPMPPDY	IGHV1-24	IGHD1-26	IGHJ4	42	sn2
nAB-046	IGH	GCGACAGATGGGGGGGACGACGGTGGGGTGGAC	ATDGGDDGGVD	IGHV1-69	IGHD4-23	IGHJ4	33	sn2
nAB-047	IGH	GCGAGAGATTCCTATGAGGGGGCTTTTGATATC	ARDSYEGAFDI	IGHV3-66	IGHD3-22	IGHJ3	33	sn2
nAB-048	IGH	GCGAGAGACTACGGTGATTTCTACTTTGACTAC	ARDYGDFYFDY	IGHV3-66	IGHD4-17	IGHJ4	33	sn2
nAB-049	IGH	GCGAGAGAAGCTTACGGTATGGACGTC	AREAYGMDV	IGHV3-66		IGHJ6	27	sn2
nAB-050	IGH	GCGGTAATTAATTACTATGATAGTCTTGAC	AVINYYDSLD	IGHV4-34	IGHD3-22	IGHJ4	30	sn2
nAB-051	IGH	GCGAGAGACCTGGTAGTATTCGGTCTTGACTGC	ARDLVVFGLDC	IGHV3-66	IGHD2-15	IGHJ4	33	sn2
nAB-052	IGH	GCGAGAGGGGACCCGACGGAAAACTTCTACTACGGTATGGACGTC	ARGDPTENFYYGMDV	IGHV3-53	IGHD1-14	IGHJ6	45	sn2
nAB-053	IGH	GCGAGAGGGGGGTCATATAGTGGCTACGATATCGACTACTTTGACTAC	ARGGSYSGYDIDYFDY	IGHV4-59	IGHD5-12	IGHJ4	48	sn2
nAB-054	IGH	GCGAGGTCATTTTGTAGTAGTACCAGCTGCTATATTCTTAGACGTGTTCGAGGAACTTATGATGCTTTTGATATC	ARSFCSSTSCYILRRVRGTYDAFDI	IGHV5-51	IGHD2-2	IGHJ3	75	sn2
nAB-056	IGH	GCACGGATACACCCAAGTGGGAGCTACGACTAC	ARIHPSGSYDY	IGHV2-70	IGHD1-26	IGHJ4	33	sn3
nAB-057	IGH	GCGAGAGATCCCGACGGAGATGATAGTAATGGCAATTATGGGGAC	ARDPDGDDSNGNYGD	IGHV1-69	IGHD3-22	IGHJ4	45	sn3
nAB-058	IGH	GCGATAGATCTTCAGGAAAGGGGGGGACTTGACTAC	AIDLQERGGLDY	IGHV3-53	IGHD3-16	IGHJ4	36	sn3
nAB-059	IGH	GCGGCCCCGTACTGTAGTACTGAAATCTGCCATGATGCTTTTGATATC	AAPYCSTEICHDAFDI	IGHV1-58	IGHD2-2	IGHJ3	48	sn3
nAB-061	IGH	GCAATTGGCAGTGGCTGGTTGCGGAAATATTTTGAGCCC	AIGSGWLRKYFEP	IGHV1-24	IGHD6-19	IGHJ5	39	sn3
nAB-062	IGH	GCGAGAGATGCCTATGACTACGGTGGGGAC	ARDAYDYGGD	IGHV3-66	IGHD4-23	IGHJ4	30	sn3
nAB-063	IGH	GCGGCTCCACATTGTAGTGGTGGTACCTGTTACGATGGTTTTGATCTC	AAPHCSGGTCYDGFDL	IGHV1-58	IGHD2-15	IGHJ3	48	sn3
nAB-064	IGH	GCGAGAGGAAACGATATTTTGACTGGTTATGACTTGGAGTTTTTTGACTAC	ARGNDILTGYDLEFFDY	IGHV4-59	IGHD3-9	IGHJ4	51	sn3
nAB-065	IGH	GCGAGAGAACATTACTCTGATAGTACTTCTTCTTATCCCAACCTTCCGACTGAATACTTCCAACAC	AREHYSDSTSSYPNLPTEYFQH	IGHV1-69	IGHD3-22	IGHJ1	66	sn3
nAB-066	IGH	GCAACAAGTACCGCTATAGTGGGAACAATAAGTCAGTACTCCTACTACTACGGTTTGGACATC	ATSTAIVGTISQYSYYYGLDI	IGHV1-24	IGHD1-26	IGHJ6	63	sn3
nAB-067	IGH	GCACGCATATCATTAGGGGGAGCAGCAGGGAATGCTTTTGATATC	ARISLGGAAGNAFDI	IGHV2-70	IGHD6-13	IGHJ3	45	sn3
nAB-068	IGH	GCGAGAGACCCTCCGTCCCTGGGGTCTACCTCCGATGCTTTTGATATC	ARDPPSLGSTSDAFDI	IGHV3-33	IGHD5/OR15-5a	IGHJ3	48	sn3
nAB-069	IGH	GCGAGAGATTTAGATGTGCGGGGCGGTATGGACGTC	ARDLDVRGGMDV	IGHV3-66	IGHD3-10	IGHJ6	36	sn3
nAB-070	IGH	GCTTATAGCAGGCCGTCAAAGGACGCCATGGACGTC	AYSRPSKDAMDV	IGHV1-69	IGHD6-13	IGHJ6	36	sn3
nAB-071	IGH	GCGAGTTCGCCCGGAAAGGATGCTCTTGATATC	ASSPGKDALDI	IGHV1-69	IGHD1-14	IGHJ3	33	sn3
nAB-072	IGH	GCGAGAGGATCCTATTGTAGTGGTGGCAGCTGCTCGGAGGACCCTTACGGCCAC	ARGSYCSGGSCSEDPYGH	IGHV1-69	IGHD2-15	IGHJ4	54	sn3
nAB-073	IGH	ACGACATCCGCCTATCAGTTTGATAGTAGTGGTTATTACTTTGACAAC	TTSAYQFDSSGYYFDN	IGHV1-69	IGHD3-22	IGHJ4	48	sn3
nAB-074	IGH	GCGAGTACGCCCGGGAAGGATGCCCTTGATGTC	ASTPGKDALDV	IGHV1-69		IGHJ3	33	sn3
nAB-075	IGH	GCGAGAGATCTTATGGTTCGGGGATTGGACTTC	ARDLMVRGLDF	IGHV3-66	IGHD3-10	IGHJ4	33	sn3
nAB-076	IGH	GCGACATCCCGGGCAAGAGATGGCTACCTTGACCAG	ATSRARDGYLDQ	IGHV1-69	IGHD5-24	IGHJ4	36	sn3
nAB-077	IGH	GCGAGTACGCCCGGGAAGGATGCCCTTGATGTC	ASTPGKDALDV	IGHV1-69		IGHJ3	33	sn3
nAB-078	IGH	GCGAGTACGCCCGGGAAGGATGCCCTTGATGTC	ASTPGKDALDV	IGHV1-69		IGHJ3	33	sn3
nAB-079	IGH	GCTTATAGCATCTCTTCAAAGGACGCTATGGACGTC	AYSISSKDAMDV	IGHV1-69	IGHD6-6	IGHJ6	36	sn3
nAB-080	IGH	GCGAGTGGGGAGTTGTTACAGGGCCAACTGGAACTAATGGACGTC	ASGELLQGQLELMDV	IGHV1-69	IGHD1-7	IGHJ6	45	sn3
nAB-081	IGH	ACCAGAGGAATCGATTGTAGAGGGGGAAGCTGCGCGGAGGACCCTTATGGCCAC	TRGIDCRGGSCAEDPYGH	IGHV1-69	IGHD2-15	IGHJ4	54	sn3
nAB-082	IGH	GCGAGAGGTCGTGTTATGCCTGGTTCACTGTCTGTGGACTTTTTTGACCGC	ARGRVMPGSLSVDFFDR	IGHV1-3	IGHD3-16	IGHJ4	51	sn3
nAB-083	IGH	GCGAGAGATGAAGCGTTCGCAGGTGGTGAGGTTTGTGCCGAC	ARDEAFAGGEVCAD	IGHV3-23	IGHD2-21	IGHJ4	42	sn3
nAB-084	IGH	GCGAGAGATCTCTATTACTACGGTATGGACGTC	ARDLYYYGMDV	IGHV3-53		IGHJ6	33	sn3
nAB-085	IGH	GCGAAAGGCCCCCGCAGCAACTCCGACTACTTTGACGAC	AKGPRSNSDYFDD	IGHV3-23	IGHD4-23	IGHJ4	39	sn3
nAB-086	IGH	GCGAGGACACAAACTACCAACTGGTTCGACTCC	ARTQTTNWFDS	IGHV5-51	IGHD1-7	IGHJ5	33	sn3
nAB-087	IGH	GCGAGAACGACCTATCAATATGATGATAGGCCGTACTACTCTGACTAC	ARTTYQYDDRPYYSDY	IGHV1-69	IGHD3-22	IGHJ4	48	sn3
nAB-088	IGH	GCGAGAGATGGGCAGATTTACGGTATGGACGTC	ARDGQIYGMDV	IGHV3-66	IGHD5-24	IGHJ6	33	sn3
nAB-089	IGH	GCGAGAGTTGTCGCGGGCAGCAGACCTAATCATGATGCTTTTGATATC	ARVVAGSRPNHDAFDI	IGHV1-69	IGHD6-13	IGHJ3	48	sn3
nAB-090	IGH	GCAGCAGGGCCGGGCCACTCCAAGGCTCGTATTGAAGATTACTATTTTGCCTAC	AAGPGHSKARIEDYYFAY	IGHV3-9	IGHD6-6	IGHJ4	54	sn3
nAB-091	IGH	GCGAGAGATCTGCAGGACTACGGTATGGACGTC	ARDLQDYGMDV	IGHV3-53		IGHJ6	33	sn3
nAB-092	IGH	GCACGGGAAATACCAACCACTGCTACCGTCGAC	AREIPTTATVD	IGHV2-70	IGHD2-15	IGHJ4	33	sn3
nAB-093	IGH	GCGAGAGTTGTCGCGGGCAGCAGGCCTAATCATGATGCTTTTGATCTT	ARVVAGSRPNHDAFDL	IGHV1-69	IGHD6-13	IGHJ3	48	sn3
nAB-094	IGH	GCGAGAGATGCGAATCCCGTTAAGACAGGCTTATGGTTCGGGGACTCAATTCACTACTACTACTACGGGATGGACGTC	ARDANPVKTGLWFGDSIHYYYYGMDV	IGHV3-11	IGHD3-10	IGHJ6	78	sn3
nAB-095	IGH	GCGGTGGCTACGATGGGTGACTACTTTGACTAC	AVATMGDYFDY	IGHV1-69	IGHD5-12	IGHJ4	33	sn3
nAB-096	IGH	GCGAGAGATAATTCCCCCTATTACTATGATAGTAGTGGTTATTCGTACGGTATGGACGTC	ARDNSPYYYDSSGYSYGMDV	IGHV1-46	IGHD3-22	IGHJ6	60	sn2
nAB-097	IGH	GCGAGACATGACCCCCCCCGACTAATAGTGGGAGCTATCGACTTTGACTAC	ARHDPPRLIVGAIDFDY	IGHV1-18	IGHD1-26	IGHJ4	51	sn2
nAB-098	IGH	GCGAGACTCCGGCGTGGTACTAGTGGTTATTACAACGGGTTGTTCGACCCC	ARLRRGTSGYYNGLFDP	IGHV5-51	IGHD3-22	IGHJ5	51	sn2
nAB-099	IGH	GCGAGACGTCCAATCGCGGATGCAGCTCTGGTTCCCTACTTTGAGTAC	ARRPIADAALVPYFEY	IGHV4-39	IGHD5-18	IGHJ4	48	sn2
nAB-100	IGH	GCGAGCGAAATTGTAGTAGTACCAGGTGCTATGCCTGTTTTCGGTATGGAGGTC	ASEIVVVPGAMPVFGMEV	IGHV1-2	IGHD2-2	IGHJ6	54	sn2
nAB-101	IGH	GCGCGCGAAATTTTTGTAGTACCAGCTGCTTTACCTGTTTTCGGTATGGACGTC	AREIFVVPAALPVFGMDV	IGHV1-2	IGHD2-2	IGHJ6	54	sn2
nAB-102	IGH	GCGAGAGATGGGAGGACTATTACCATGGTTCGGGGAGTCTTCGGGGGTGCTTTTGATATC	ARDGRTITMVRGVFGGAFDI	IGHV3-30-3	IGHD3-10	IGHJ3	60	sn2
nAB-103	IGH	GCGAGAGATCGAGGTGACTCCCTATTTGACTAC	ARDRGDSLFDY	IGHV3-53	IGHD2-21	IGHJ4	33	sn2
nAB-104	IGH	GCGAGAGATTTGCAGCAACTGGGGTACTTTGACTAC	ARDLQQLGYFDY	IGHV3-53	IGHD6-13	IGHJ4	36	sn2
nAB-105	IGH	GCGAGACTAAGGAGGTGGCCCTCTATAGGGTACTTCGATCTC	ARLRRWPSIGYFDL	IGHV3-7	IGHD1-26	IGHJ2	42	sn2
nAB-106	IGH	GCAGGGTATAGTAGTGGCTGGAGTGATGCTTTTGATATC	AGYSSGWSDAFDI	IGHV1-69	IGHD6-19	IGHJ3	39	sn2
nAB-107	IGH	GCGAGAGATAGCCATTTGGACTACTACGTAGACTAC	ARDSHLDYYVDY	IGHV3-33	IGHD3/OR15-3a	IGHJ4	36	sn2
nAB-108	IGH	GCGAGAGAGGGTATATCAGTGGCTGCCTCGGGGGATGATGCTTTTGATATC	AREGISVAASGDDAFDI	IGHV3-33	IGHD6-19	IGHJ3	51	sn2
nAB-109	IGH	GCGAAAGATTTAGGTGCGCTGGTTGGGTTCGGGGATGACTACGGTATGGACGTC	AKDLGALVGFGDDYGMDV	IGHV3-30	IGHD3-10	IGHJ6	54	sn2
nAB-110	IGH	GCGAGAGACTTACAGCAGCTGGGGGGTATGGACGTC	ARDLQQLGGMDV	IGHV3-53	IGHD6-13	IGHJ6	36	sn2
nAB-111	IGH	GCGAGAGAGAGGACTCCGCAAGGACGGGATGTTTGGAGTGATTATTTGCGGGTCCCTCCTACCGGGCGAGATAACAACGTCATGGACGTC	ARERTPQGRDVWSDYLRVPPTGRDNNVMDV	IGHV1-46	IGHD3-3	IGHJ6	90	sn3
nAB-112	IGH	GCGAGAGATTTTCAACCAGATAGGAGTGCGCTCCTTGATGTTTTGGGTCCTCGGGGTCAAGAAAGAGATGTTTTTGATGTG	ARDFQPDRSALLDVLGPRGQERDVFDV	IGHV1-46	IGHD3-22	IGHJ3	81	sn3
nAB-113	IGH	GCGAGAGATACCCGCGAATCTCATGATTTTTGGAGTGCTTCTTATATCGGGGGTCATGTGCCTAACTGGTTCGACCCC	ARDTRESHDFWSASYIGGHVPNWFDP	IGHV1-46	IGHD3-3	IGHJ5	78	sn3
nAB-114	IGH	GCGAGAGAGGGGGGCTTCTATGATAGTAGTGGTCTTTCTACCGAGTACTTTGACAAC	AREGGFYDSSGLSTEYFDN	IGHV1-69	IGHD3-22	IGHJ4	57	sn3
nAB-115	IGH	GCACACAGACCGGGATACTTTGATAGCAGTGGTCATATGGTCGGGTACTTTGACTAC	AHRPGYFDSSGHMVGYFDY	IGHV2-5	IGHD3-22	IGHJ4	57	sn3
nAB-116	IGH	GGGAGAGATCCCTGTTTAAGTGGTCGCGATTTTTTGAGTAATTCCTGCTACTTCTCCGCTATGGACGTC	GRDPCLSGRDFLSNSCYFSAMDV	IGHV1-46	IGHD3-3	IGHJ6	69	sn3
nAB-117	IGH	GCGAAACTCCAGGTGGCAGCACCTGGAGAACTTATATCTTCACATGCCTTTGATGTC	AKLQVAAPGELISSHAFDV	IGHV3-30	IGHD6-13	IGHJ3	57	sn3
nAB-118	IGH	GCGGGCTATACAAGTGCCAATTGGGCTGATGCTTTTGATATC	AGYTSANWADAFDI	IGHV1-69	IGHD2-2	IGHJ3	42	sn3
nAB-119	IGH	GCAAGAGTCGCGGGCGAAAATTTTGACTGGTTATTTAGGGCCGCTAAGCCGCACTACTACATGGACGTC	ARVAGENFDWLFRAAKPHYYMDV	IGHV3-74	IGHD3-9	IGHJ6	69	sn3
nAB-120	IGH	GCACACAGACCGGGATACTTTGATAACAGTGGTCATTTGGTCGGGTACTTTGACTAC	AHRPGYFDNSGHLVGYFDY	IGHV2-5	IGHD3-22	IGHJ4	57	sn3
nAB-121	IGH	GCAAAAGATTTGCGGGGCCAGTACGATTTTTGGAGTGGTTATTTGCGCCCCGTCTTTGACTAC	AKDLRGQYDFWSGYLRPVFDY	IGHV3-43	IGHD3-3	IGHJ4	63	sn3
nAB-122	IGH	GCGAGAGATGTCGGGGACAAGGGGAATTACGATTTTTGGAGTGGTTCTTTTTATCAGTCGGGCGGTATGGACGTC	ARDVGDKGNYDFWSGSFYQSGGMDV	IGHV1-46	IGHD3-3	IGHJ6	75	sn3
nAB-123	IGH	GCGGCACCCCATTGTAATAGGACCAACTGCCATGATGGTTTTGATATC	AAPHCNRTNCHDGFDI	IGHV1-58	IGHD2-2	IGHJ3	48	sn3
nAB-124	IGH	GCGACAGAAGGCCCCTTGACAAAGGATTTTTGGAGTGGGTATCCCCCTTACGGTGTTGACGTC	ATEGPLTKDFWSGYPPYGVDV	IGHV1-2	IGHD3-3	IGHJ6	63	sn3
nAB-125	IGH	GCGACTATCAGACAAAATAACTACTTTGACTAC	ATIRQNNYFDY	IGHV5-51		IGHJ4	33	sn3
nAB-126	IGH	GCGAGTACGCCCGGGAAGGATGCCCTTGATGTC	ASTPGKDALDV	IGHV1-69		IGHJ3	33	sn3
nAB-127	IGH	GCAAGAATGGGCGGAAATCGTGACTGGTTATTCCACTCCGACTACCAGTACTACGGAATGGACGTC	ARMGGNRDWLFHSDYQYYGMDV	IGHV3-74	IGHD3-9	IGHJ6	66	sn3
nAB-128	IGH	GCGAGAGATTGGGGACCGGGTTACGATTTTGCCGGCGGCTTCGGGGAGTTTAACGACTGGTTCGACCCC	ARDWGPGYDFAGGFGEFNDWFDP	IGHV1-69	IGHD3-10	IGHJ5	69	sn3
nAB-129	IGH	GCGAGAGATCTGCAGGACTACGGTATGGACGTC	ARDLQDYGMDV	IGHV3-53		IGHJ6	33	sn3
nAB-130	IGH	GCACGGGAGTACTTAACCCACTTTGACTAC	AREYLTHFDY	IGHV2-70	IGHD2/OR15-2a	IGHJ4	30	sn3
nAB-131	IGH	GCGAGAGACTTACAGCAGTTGGGGGGTATGGACGTC	ARDLQQLGGMDV	IGHV3-53	IGHD6-13	IGHJ6	36	sn3
nAB-132	IGH	GCGAGAGATCCTTTTGTTGGTTTCGTCGTAGCAATGGGGGGCAGCAGTGCAGGAGGGCTCGACCCC	ARDPFVGFVVAMGGSSAGGLDP	IGHV1-69	IGHD6-13	IGHJ5	66	sn3
nAB-133	IGH	GCACGGGAGGTACCAGCTGCTACCGCGGACTAC	AREVPAATADY	IGHV2-70	IGHD2-2	IGHJ4	33	sn3
nAB-134	IGH	GCCCGGGGGCCCTATGAAAGAAGGGGTACTTCTCCCATAGTCAACTACCACTACTACGGTTTGGACGTC	ARGPYERRGTSPIVNYHYYGLDV	IGHV1-46	IGHD3-22	IGHJ6	69	sn3
nAB-135	IGH	GGGCGGTCCACACCCATAGCAGCAACTGACTAC	GRSTPIAATDY	IGHV2-70	IGHD6-13	IGHJ4	33	sn3
nAB-136	IGH	GCGAGAATTCCCGGTGGATACTACTATGGTCACCTTTACGGTATGGACGTC	ARIPGGYYYGHLYGMDV	IGHV1-46	IGHD5-18	IGHJ6	51	sn3
nAB-137	IGH	GCGAGAGATCGTAAGGGCGACCTGGAGGGGTTTTTCGCCTCGGCCCACTACTTCTCCTTCGCTCTGGACGTC	ARDRKGDLEGFFASAHYFSFALDV	IGHV1-46	IGHD3-3	IGHJ6	72	sn3
nAB-138	IGH	GCGATGGTGTCCTTAACTACCCAGCCCCACTACTTTGACTTC	AMVSLTTQPHYFDF	IGHV1-69	IGHD4-11	IGHJ4	42	sn3
nAB-139	IGH	GCGAGAGAGTCGGGATATACTGACTACGGAAGCACTTACTACTTTGACTAC	ARESGYTDYGSTYYFDY	IGHV1-69	IGHD5-12	IGHJ4	51	sn3
nAB-140	IGH	GCGAGGGGGCCGTGGCTGCGAGGGCCCTTTGACGAC	ARGPWLRGPFDD	IGHV4-61	IGHD5-12	IGHJ4	36	sn3
nAB-141	IGH	GCGAGAGATAGTGAGGCGGGTTCGATTTTTGGAATGACTATTGGGTACTATTACGGTATGGACGTC	ARDSEAGSIFGMTIGYYYGMDV	IGHV1-18	IGHD3-3	IGHJ6	66	sn3
nAB-142	IGH	GCGAGAGATCTCCCCTACGGAGGTAACTCCCATGCGTTTGACTAC	ARDLPYGGNSHAFDY	IGHV3-53	IGHD4-23	IGHJ4	45	sn3
nAB-143	IGH	GCGAGAGGTCAAACGTACAACTGGCAGAAAAACTGGTTCGACCCC	ARGQTYNWQKNWFDP	IGHV1-2	IGHD1-1	IGHJ5	45	sn3
nAB-144	IGH	GCGAGAGGTCACACGTACAACTGGAAGAAAACCTGGTTCGACCCC	ARGHTYNWKKTWFDP	IGHV1-2	IGHD1-1	IGHJ5	45	sn3
nAB-145	IGH	GCACACAGACGCCCCGCTGATGATGTCATATTTCCATCTGCTGCCAACTGGTTCGACTCC	AHRRPADDVIFPSAANWFDS	IGHV2-5	IGHD2-2	IGHJ5	60	sn3
nAB-146	IGH	GCGAGAAACCTTTATCCCCAACACTATGATAGTAGTGGTTATACTCCCTTTGATGCTTTTGATATC	ARNLYPQHYDSSGYTPFDAFDI	IGHV1-18	IGHD3-22	IGHJ3	66	sn3
nAB-147	IGH	GCGAGAGACGCCCTACCCCATTACGATTTTTGGAGTGGTTCTTACACTTACTACTACTACTACATGGCCGTC	ARDALPHYDFWSGSYTYYYYYMAV	IGHV3-7	IGHD3-3	IGHJ6	72	sn3
nAB-148	IGH	GCGAGAGATCTCCCTTCAACAAGTAACGATTTTTGGAGAGCCCTATCCCGAGAATACTCCCACTACAACGGTATGGACGTC	ARDLPSTSNDFWRALSREYSHYNGMDV	IGHV1-46	IGHD3-3	IGHJ6	81	sn3
nAB-149	IGH	GCGAGAGGGGACCTTGGGGACGTCCGAGCTGACTAC	ARGDLGDVRADY	IGHV3-53	IGHD3-16	IGHJ4	36	sn3
nAB-150	IGH	GCGAGGCCCATAGGGGGGGAAGGTCAACGGGGTGTGGACGTC	ARPIGGEGQRGVDV	IGHV3-53	IGHD3-16	IGHJ6	42	sn3
nAB-151	IGH	GCGAGACGGGCGTATTACTATGGTTCGATTGACTAC	ARRAYYYGSIDY	IGHV5-51	IGHD3-10	IGHJ4	36	sn3
nAB-152	IGH	GCACGGGAGACTGCGGTGACAACGATTGACTAC	ARETAVTTIDY	IGHV2-70	IGHD4-17	IGHJ4	33	sn3
nAB-153	IGH	GCGAGAGTTTTACCGATGGGGGATTACTTTGACTAC	ARVLPMGDYFDY	IGHV3-53	IGHD3-16	IGHJ4	36	sn3
nAB-154	IGH	GCGAGAGAAGTTAGGGGGGTGGCC	AREVRGVA	IGHV3-66	IGHD3-16	IGHJ5	24	sn3
nAB-155	IGH	GCGAGATCGAGGGGATATTGTATTAGTACCAGCTGCTCTGGAAACCCGCAATGGGACTGGTACTTCGATCTC	ARSRGYCISTSCSGNPQWDWYFDL	IGHV1-69	IGHD2-2	IGHJ2	72	sn3
nAB-156	IGH	GCGAGAGATTTGGTAGTGTACGGTATGGATGTC	ARDLVVYGMDV	IGHV3-66	IGHD2-15	IGHJ6	33	sn3
nAB-157	IGH	GTACGGGGACTATACCACTATGATAGTAGTGGTTTCTACCTGTTCTACTTTGACCAC	VRGLYHYDSSGFYLFYFDH	IGHV2-70	IGHD3-22	IGHJ4	57	sn3
nAB-158	IGH	GCGAGAGATTTGGGAGACGATGCTTGTGATATC	ARDLGDDACDI	IGHV3-53	IGHD1-26	IGHJ3	33	sn3
nAB-159	IGH	GCGAGCGATAATCCTAGTACTGAACGGTGGGTTCCCGCCGGCCTTGACTCC	ASDNPSTERWVPAGLDS	IGHV1-69	IGHD2/OR15-2a	IGHJ4	51	sn3
nAB-160	IGH	GTAAAAGGTGCTCTCCACCTTTGGCTAGAATTCGGTCTGGACGTC	VKGALHLWLEFGLDV	IGHV3-43	IGHD5-24	IGHJ6	45	sn3
nAB-161	IGH	GCGGCGCCCCAATGTAGTGGTGGCACCTGTTTCGATGGTTTTGATCTC	AAPQCSGGTCFDGFDL	IGHV1-58	IGHD2-15	IGHJ3	48	sn3
nAB-162	IGH	ACAGCAAGTACCGCTGTAATGGGTACACCAAGTCGTTATAACTACCACTACGGTATAGACTTC	TASTAVMGTPSRYNYHYGIDF	IGHV1-24	IGHD3-16	IGHJ6	63	sn3
nAB-163	IGH	GCGAGGGCTACCTGGCTACGAGGTTCTTTTGATATC	ARATWLRGSFDI	IGHV4-31	IGHD5-12	IGHJ3	36	sn3
nAB-164	IGH	AACATAGATCGGGATAATGATTATATTTGGGGGAGTTATCGTTATCACGGCGTC	NIDRDNDYIWGSYRYHGV	IGHV3-15	IGHD3-16	IGHJ6	54	sn3
nAB-165	IGH	GCGAGTCACCATTTCTACTATGGTAGTAGTGGAGAATACGCCTTTGACCTC	ASHHFYYGSSGEYAFDL	IGHV1-69	IGHD3-22	IGHJ4	51	sn3
nAB-166	IGH	GCGAGAGATCTTGATTCGGTGGGGGGGATTGACTGC	ARDLDSVGGIDC	IGHV3-66	IGHD3-16	IGHJ4	36	sn3
nAB-167	IGH	GCGAGAGACGCTGATACTAGTGGGTATGAGTACGCCCTCCCCTCGTTCGGTTTGGACGTC	ARDADTSGYEYALPSFGLDV	IGHV1-69	IGHD3-22	IGHJ6	60	sn3
nAB-168	IGH	GCGAGAAGGGTTCGACTTGCAGCACCTCCCCCGTCTCCTCACTACTACTACGGTGTTGACGTC	ARRVRLAAPPPSPHYYYGVDV	IGHV1-18	IGHD3-10	IGHJ6	63	sn3
nAB-169	IGH	GCGAGAGATCGAGCAGGACGTATTACGATTTTTGGAGTGGTTATGGAGGACTACTATTACGGTATGGACGTC	ARDRAGRITIFGVVMEDYYYGMDV	IGHV1-18	IGHD3-3	IGHJ6	72	sn3
nAB-170	IGH	GCACACATGGATACATATTACGATATTTTGACTGGTTATTATATAAGGTACTTTGACTAC	AHMDTYYDILTGYYIRYFDY	IGHV2-5	IGHD3-9	IGHJ4	60	sn3
nAB-171	IGH	GCACGGGAAGCGGTTACAGTCCCTGACTAC	AREAVTVPDY	IGHV2-70	IGHD6-25	IGHJ4	30	sn3
nAB-172	IGH	GCGAGAGAATTTTTAGAGGGGAACTGGAACGAGTTTTACTTTGACTAC	AREFLEGNWNEFYFDY	IGHV3-33	IGHD1-1	IGHJ4	48	sn2
nAB-173	IGH	GCGAGAGAAAAACCCTCTGATTACGATTTTTGGAATGGTTATTTTGTCTAC	AREKPSDYDFWNGYFVY	IGHV3-33	IGHD3-3	IGHJ4	51	sn2
nAB-174	IGH	GCGAAAGATAGCACGTATTACGATTTTTGGAGTGGTTATGTGACCCCAGACAATTACTACTACTACTATGGTATGGACGTC	AKDSTYYDFWSGYVTPDNYYYYYGMDV	IGHV3-30	IGHD3-3	IGHJ6	81	sn2
nAB-175	IGH	GCGATAGGCCCCCTCGAGTGGGAGCTACTAAGGTTTGACTTC	AIGPLEWELLRFDF	IGHV1-69	IGHD1-26	IGHJ4	42	sn2
nAB-176	IGH	GCGAGAGATGAGGGCTTCGGGAAGCTTCGGGGGTCTATGGACGTC	ARDEGFGKLRGSMDV	IGHV1-2	IGHD3-10	IGHJ6	45	sn3
nAB-177	IGH	GCGAGAGATTTAGATGTGCGGGGCGGTATGGACGTC	ARDLDVRGGMDV	IGHV3-66	IGHD3-10	IGHJ6	36	sn3
nAB-178	IGH	GCGCTGGACAAGGTGGTCAACTACGGTATGAACGTC	ALDKVVNYGMNV	IGHV3-66	IGHD2-15	IGHJ6	36	sn3
nAB-179	IGH	GCGAGAAGTAGACTGGGCGGTGGCCATGATGCTTTTGATATG	ARSRLGGGHDAFDM	IGHV1-69	IGHD3-9	IGHJ3	42	sn3
nAB-180	IGH	GCGAGTGGGGAGTTGTTACAGGGCCAACTGGAACTAATGGACGTC	ASGELLQGQLELMDV	IGHV1-69	IGHD1-7	IGHJ6	45	sn3
nAB-181	IGH	GCGAGAGGGAGCATTGTGGATGACTACTATTACGGTATGGATGTC	ARGSIVDDYYYGMDV	IGHV3-66	IGHD2-21	IGHJ6	45	sn3
nAB-182	IGH	GCAAGAATCGACTCCCAGCGCCGATATAGTGGGTACGATTCCCTCTGGGATATGGACGTC	ARIDSQRRYSGYDSLWDMDV	IGHV3-9	IGHD5-12	IGHJ6	60	sn3
nAB-183	IGH	GCGAGAGATCGACGGGTGCGAAGAACTGCAACGACATTCTGGCCTTACTTCTACTACGGTATGGACGTC	ARDRRVRRTATTFWPYFYYGMDV	IGHV3-48	IGHD1-1	IGHJ6	69	sn3
nAB-184	IGH	GCACGGACCCTTGCCCCTACGGTGACCACGGACTCC	ARTLAPTVTTDS	IGHV2-70	IGHD4-17	IGHJ4	36	sn3
nAB-185	IGH	GCGAGAGACAGATTTAGTGGGTACGACCCAGATGAAGTCTCCGGTATGGACGTC	ARDRFSGYDPDEVSGMDV	IGHV1-2	IGHD5-12	IGHJ6	54	sn3
nAB-186	IGH	GCGCGGTCGCAGGGCCCGCAAACGTATGACGGTTTTCGGACTGGTTATCGTAACTGGCTCGACCCC	ARSQGPQTYDGFRTGYRNWLDP	IGHV1-69	IGHD3-3	IGHJ5	66	sn3
nAB-187	IGH	GCGACAGAAGGCCCCTTGACAAACGATTTTTGGAGTGGGTATCCCCCTTACGGTGTTGACGTC	ATEGPLTNDFWSGYPPYGVDV	IGHV1-2	IGHD3-3	IGHJ6	63	sn3
nAB-188	IGH	GCAAGAACGGGCGGAAATTTTGACTGGTTATTCCACTCGGACTACGACCACTACGGTATGGACGTC	ARTGGNFDWLFHSDYDHYGMDV	IGHV3-74	IGHD3-9	IGHJ6	66	sn3
nAB-189	IGH	GCACGGACCCCAGCATATTTAGTGGCCCTTGACTAC	ARTPAYLVALDY	IGHV2-70	IGHD2-21	IGHJ4	36	sn3
nAB-190	IGH	GCGAGAGATCTAGTGGCGTACGGTATTGACGTC	ARDLVAYGIDV	IGHV3-66	IGHD5-12	IGHJ6	33	sn3
nAB-191	IGH	GCGAGAGAGGGTAGTAGTGGCTGGGACTACGGTATGGACGTC	AREGSSGWDYGMDV	IGHV1-2	IGHD6-19	IGHJ6	42	sn3
nAB-192	IGH	GCGGCGCCCCATTGTAGTGGTGGAACCTGCTACGATGCCTTTGATCTC	AAPHCSGGTCYDAFDL	IGHV1-58	IGHD2-15	IGHJ3	48	sn3
nAB-193	IGH	GCACGGGTGAGACTTACAACAGCAAATTAC	ARVRLTTANY	IGHV2-70	IGHD1-1	IGHJ4	30	sn3
nAB-194	IGH	GCGAGAGAAGGCGGATATAGTGGGCACGGGGCGAACAACTATTTCGACCCC	AREGGYSGHGANNYFDP	IGHV1-69	IGHD5-12	IGHJ5	51	sn3
nAB-195	IGH	GCGAGAGCCCCCTATTACTTTGAGGATAGTCATTATACCCATGCTTTTGATATC	ARAPYYFEDSHYTHAFDI	IGHV1-69	IGHD3-22	IGHJ3	54	sn3
nAB-196	IGH	GCACGGATAGCATTAC	ARIAL	IGHV2-70		IGHJ4	16	sn3
nAB-197	IGH	GCGAGAGAGGCCCCCATGTCAGCTACGGTGACTGCCTTTGACTGC	AREAPMSATVTAFDC	IGHV3-66	IGHD4-17	IGHJ4	45	sn3
nAB-198	IGH	GCAACAGGCCCCCCGATAGCAGCCGCTGGTCATTGGTTCGACCCC	ATGPPIAAAGHWFDP	IGHV1-24	IGHD6-13	IGHJ5	45	sn3
nAB-199	IGH	GCACGGGGCTTATTGGGCCTTGACTAC	ARGLLGLDY	IGHV2-70	IGHD3-16	IGHJ4	27	sn3
nAB-201	IGH	GCGAGACCTATAAGTGGGAGGCACCCAGGAGTGTTTTACTTTGACACC	ARPISGRHPGVFYFDT	IGHV4-39	IGHD1-26	IGHJ4	48	sn3
nAB-202	IGH	GCGAGAGGAAACGATATTTTGACTGGTTACGACTTGGAGTATTTTGACTAC	ARGNDILTGYDLEYFDY	IGHV4-59	IGHD3-9	IGHJ4	51	sn3
nAB-203	IGH	GCGGCGCCCCATTGTAGTGGTGGCACCTGCTTCGATGGTTTTGATTTG	AAPHCSGGTCFDGFDL	IGHV1-58	IGHD2-15	IGHJ3	48	sn3
nAB-204	IGH	GCGGGATTGACTACGGTGGTAGCTCCGATT	AGLTTVVAPI	IGHV3-66	IGHD4-23	IGHJ3	30	sn3
nAB-205	IGH	GCGATCAGTCGTAAAGATGGCTACAATTTTGATGCTTTTGATCTC	AISRKDGYNFDAFDL	IGHV1-69	IGHD5-24	IGHJ3	45	sn3
nAB-206	IGH	GCAAGAGATACTGGGATGGAGGGTATGGACGTC	ARDTGMEGMDV	IGHV3-48	IGHD2-8	IGHJ6	33	sn3
nAB-207	IGH	GCGAGTTCGACTAGGTTTTGGAGTGGCTATCTTACCCGTCCAAAACCCTTTGACTAC	ASSTRFWSGYLTRPKPFDY	IGHV1-69	IGHD3-3	IGHJ4	57	sn3
nAB-208	IGH	GCAAAAACCTTGGGGTTCCGTGACTCCGTCCCAGAGGATTACAACTTTGACCAC	AKTLGFRDSVPEDYNFDH	IGHV3-9	IGHD2-21	IGHJ4	54	sn3
nAB-209	IGH	GCGAAAGATTCAATTGACTACGGTGACTACCCCATGTACTGGTACTTCGATCTC	AKDSIDYGDYPMYWYFDL	IGHV3-30	IGHD4-17	IGHJ2	54	sn3
nAB-210	IGH	GTGAGAGATTTCCGTGATTTCTATTTGGACTTC	VRDFRDFYLDF	IGHV3-66	IGHD2-21	IGHJ4	33	sn3
nAB-211	IGH	GCGAGAGATGAGGGCTTCGGGAAGCTTCGGGGGTCTATGGACGTC	ARDEGFGKLRGSMDV	IGHV1-2	IGHD3-10	IGHJ6	45	sn3
nAB-212	IGH	GTGAGAGATCTCCAGGACTACGGTTTGGACGTC	VRDLQDYGLDV	IGHV3-53		IGHJ6	33	sn3
nAB-213	IGH	GCGAGACAGTGGTCCCCGCAGGTCCAAATTGAGTTC	ARQWSPQVQIEF	IGHV5-51	IGHD2-15	IGHJ4	36	sn3
nAB-214	IGH	GCGAAAGTTGTAGACCCTACGCATTACGATGTTTTGAGTGGTTGGATATACTACAACTACGGCATGGACGTC	AKVVDPTHYDVLSGWIYYNYGMDV	IGHV3-23	IGHD3-3	IGHJ6	72	sn3
nAB-215	IGH	GCGCGAGAAACTATGAGATACGGAATGGACGTC	ARETMRYGMDV	IGHV3-53	IGHD3-22	IGHJ6	33	sn3
nAB-216	IGH	GCACGGATGACTCCTACGGTGGGCTTTGACTAC	ARMTPTVGFDY	IGHV2-70	IGHD4-23	IGHJ4	33	sn3
nAB-217	IGH	GCACGGGAGATGGCTCAGGGGGTCTGCCTTGACTAC	AREMAQGVCLDY	IGHV2-70	IGHD5-24	IGHJ4	36	sn3
nAB-218	IGH	GCGCGAGCGACGGAATTGGATTCGGAACAACCGTACAACTGGTTCGACCCC	ARATELDSEQPYNWFDP	IGHV1-18	IGHD1/OR15-1a	IGHJ5	51	sn3
nAB-219	IGH	GCACGGGCCACCCTGGGGGGCGCTTACGGTCTGGACGTC	ARATLGGAYGLDV	IGHV2-70	IGHD3-16	IGHJ6	39	sn3
nAB-220	IGH	TCGAGAGTGTCGGACACCTATTACGATTTTTTGACTGGTTACAACAGCCCTCGTGGTATGGACGTC	SRVSDTYYDFLTGYNSPRGMDV	IGHV1-2	IGHD3-9	IGHJ6	66	sn3
nAB-221	IGH	GCGAGAAGTGGATACACCTATGGTTCCACTTACGCTTTGGACGTC	ARSGYTYGSTYALDV	IGHV1-69	IGHD5-18	IGHJ6	45	sn3
nAB-222	IGH	ACCACAGATCGGGTTTATGAATACATTTGGGGGAGTTATCGTTATCTGGACTAC	TTDRVYEYIWGSYRYLDY	IGHV3-15	IGHD3-16	IGHJ4	54	sn3
nAB-223	IGH	GCGAGGAAAGGATACACCTATGGTTCCGACTACTACGGTATGGACGTC	ARKGYTYGSDYYGMDV	IGHV1-69	IGHD5-18	IGHJ6	48	sn3
nAB-224	IGH	GCGAAAGCAGGATTACCCGGAGTGACTCCTCAGCCGTCCTACTTTGACTAC	AKAGLPGVTPQPSYFDY	IGHV1-69	IGHD2-21	IGHJ4	51	sn3
nAB-225	IGH	TCGAGAATAGAGGCTTACGATTTTTGGAGTGGTCATCTCACCCCCCCACCTGGGAACGGTATGGACGTC	SRIEAYDFWSGHLTPPPGNGMDV	IGHV1-2	IGHD3-3	IGHJ6	69	sn3
nAB-226	IGH	GCGAGAGATCTCATGGTTTTTGGAATGGACGTC	ARDLMVFGMDV	IGHV3-66	IGHD3/OR15-3a	IGHJ6	33	sn3
nAB-227	IGH	GCGGCACCATTTTGTAGTGGTGGTACTTGCTCCGATGGTTTTGATATC	AAPFCSGGTCSDGFDI	IGHV1-58	IGHD2-15	IGHJ3	48	sn3
nAB-228	IGH	GCACGGACCTTACTGGGAGCTACTTGTATGGACGTC	ARTLLGATCMDV	IGHV2-70	IGHD1-26	IGHJ6	36	sn3
nAB-229	IGH	GCGAGAGGATCTATGGATAGCAGTAGTTGGTCCGGAAGTTACCTTGACTAC	ARGSMDSSSWSGSYLDY	IGHV3-33	IGHD6-13	IGHJ4	51	sn3
nAB-230	IGH	GCGACAGATCGGTGGCACTATGATCGTAATGGGAACCAACGACACGCTGAATACTTCCAGCAC	ATDRWHYDRNGNQRHAEYFQH	IGHV1-69	IGHD3-22	IGHJ1	63	sn3
nAB-231	IGH	GCGAGTCGGCATCCCCGACCAGCCCCAAGTCGGTCTTCCCCCTGGCACCCTCCTCCAAGAAATGACCAACGTGGACCCTCTGGACACAGCGACGTATTACTGTGCACGGACGCATATGTCAGGGCGTATAGGAGCCCCTGGTCCTATTTTCTGGTTCGACCCC	ASRHPRPAPSRSSPWHPPPRNDQRGPSGHSDVLLCTDAYVRAYRSPWSYFLVRP	IGHV5-51	IGHD6-13	IGHJ5	163	sn3
nAB-232	IGH	GCGAGAGATGTCAGGGGGGCTTTTGATATT	ARDVRGAFDI	IGHV3-53	IGHD3-16	IGHJ3	30	sn3
nAB-233	IGH	GCGAGAGTCTCAGTAGTGCCTGGGACAATAGGCGATGCTTTTGATATC	ARVSVVPGTIGDAFDI	IGHV4-61	IGHD3-22	IGHJ3	48	sn3
nAB-234	IGH	GCGAGAGATGTGACGCGGGCAAATTACGGGTTTTTGAGTGGTTATTCCCACTACTACTATTATTACATGGACGTC	ARDVTRANYGFLSGYSHYYYYYMDV	IGHV1-46	IGHD3-3	IGHJ6	75	sn3
nAB-235	IGH	GCGAGAGATCTGGGAGCCGCGGCGGCTCCGCAGGACGGTTTTTGGAGTGCTTTAAGTGGATCGGTCTCCTTCTACCACGGTATGGACGTC	ARDLGAAAAPQDGFWSALSGSVSFYHGMDV	IGHV1-46	IGHD3-3	IGHJ6	90	sn3
nAB-236	IGH	GCGAGAGCTGGGGTTTATTTAAGAGATTTTGACTGGTCGTGGGCCATACGGCGTGACAAAATAAGCTACAACTACTTGGACGTC	ARAGVYLRDFDWSWAIRRDKISYNYLDV	IGHV1-8	IGHD3-9	IGHJ6	84	sn3
nAB-237	IGH	GCGAGAGATCTAGGGGGGGGGGCGCAAGGATGGATGGCGATTTTTGGAGTGGTTCCTATATCCGGTATGGACGTC	ARDLGGGAQGWMAIFGVVPISGMDV	IGHV1-46	IGHD3-3	IGHJ6	75	sn3
nAB-238	IGH	GCGAGAGAATCACGAGGAGATGGCTACAATCTTGGGTGCGACTAC	ARESRGDGYNLGCDY	IGHV3-33	IGHD5-24	IGHJ4	45	sn3
nAB-239	IGH	GTGAAAGGCCCGAGATATACTGTGATGGTAGTGGTTACCGCTCCTTCCGCAGAATACTTCCATCAC	VKGPRYTVMVVVTAPSAEYFHH	IGHV3-64D	IGHD3-22	IGHJ1	66	sn3
nAB-240	IGH	GCGAGAGATGCCGCCCTCACAGAATACGATATTTGGAGTGCTTTGGGGGCCCACTTCTTCTACCACATGGACGTC	ARDAALTEYDIWSALGAHFFYHMDV	IGHV1-46	IGHD3-3	IGHJ6	75	sn3
nAB-241	IGH	GCGAGACATTATTATGATAGTCGTGGTTACCGTTGGTCACCTATTGACTAC	ARHYYDSRGYRWSPIDY	IGHV4-39	IGHD3-22	IGHJ4	51	sn3
nAB-242	IGH	GCGAAAGATAAGCGCCCCGTGGATGTTGTGACTACGATGTGGGGAGGGCTTCATTATTACTACTACGGTTTGGACGTC	AKDKRPVDVVTTMWGGLHYYYYGLDV	IGHV3-30	IGHD5-12	IGHJ6	78	sn3
nAB-243	IGH	GCGAAAGATTTAGGTGCGCTGGTTGGGTTCGGGGATAACTACGGTATGGACGTC	AKDLGALVGFGDNYGMDV	IGHV3-30	IGHD3-10	IGHJ6	54	sn2
nAB-244	IGH	GCGAGAGATCTGCAGGACTACGGTATGGACGTC	ARDLQDYGMDV	IGHV3-53		IGHJ6	33	sn2
nAB-245	IGH	GCGAAAGATTTAGGTGCGCTGGTTGGGTTCGGGGATAACTACGGTATGGACGTC	AKDLGALVGFGDNYGMDV	IGHV3-30	IGHD3-10	IGHJ6	54	sn2
nAB-246	IGH	GCAAGAGATCTTCATTACTATGATAGAAGTGGTCAGGAGTGGGGCGAAAATTGGTTCGACCCC	ARDLHYYDRSGQEWGENWFDP	IGHV3-74	IGHD3-22	IGHJ5	63	sn2
nAB-247	IGH	GCGAGAGATCTGGGGCCAGCAGGGGGGGTTGACTAC	ARDLGPAGGVDY	IGHV3-53	IGHD6-13	IGHJ4	36	sn2
nAB-248	IGH	GCGCAAGATCGAAAGTATTACGATATTTGGAGTGGTTATTGGCCCAGCGTGACCCACTACTCCTACTACTACGGTATGGACGTC	AQDRKYYDIWSGYWPSVTHYSYYYGMDV	IGHV3-30	IGHD3-3	IGHJ6	84	sn2
nAB-249	IGH	GCGACCAACGCGTCCATGGTTTAC	ATNASMVY	IGHV3-33	IGHD3-10	IGHJ4	24	sn2
nAB-250	IGH	GCGAGAGCAGGTTTACCCGGAGTGACTGCTCACCCGTCCTACTTTGACTAC	ARAGLPGVTAHPSYFDY	IGHV1-69	IGHD2-21	IGHJ4	51	sn2
nAB-251	IGH	GCGAGAGATAGCCCCCTAGGGTTGGACTATGGTTCGGGGAGTGGCCTAGACTAC	ARDSPLGLDYGSGSGLDY	IGHV3-30	IGHD3-10	IGHJ4	54	sn2
nAB-252	IGH	GCAAGAGGGAGTGGGACCTACAGGGTAAACTGGTTCGACCCC	ARGSGTYRVNWFDP	IGHV6-1	IGHD1-26	IGHJ5	42	sn2
nAB-253	IGH	GCGAAAGATCATCGAGAACTACCGATAGTAGTAGTCTGGGGGGACGGGCTAGGGGGCTACTTTGACTCC	AKDHRELPIVVVWGDGLGGYFDS	IGHV3-30	IGHD3-22	IGHJ4	69	sn3
nAB-254	IGH	GCGAAAGATGGGGGAAATGATCACAGATTCACCTATGGTTTTACAGGCTCCTACTACTACTACTACATGGACGTG	AKDGGNDHRFTYGFTGSYYYYYMDV	IGHV3-30	IGHD5-18	IGHJ6	75	sn3
nAB-255	IGH	GCGAGACATAAAGATTACTATGACAGTAGTGATGCGACGGTTTTTGACTCC	ARHKDYYDSSDATVFDS	IGHV4-31	IGHD3-22	IGHJ4	51	sn3
nAB-256	IGH	GCGAAAGATAAGCGCCCCGTGGATGTTGTGACTACGATGTGGGGGGGGCTTCATTATTACTACTACGGTTTGGACGTC	AKDKRPVDVVTTMWGGLHYYYYGLDV	IGHV3-30	IGHD5-12	IGHJ6	78	sn3
nAB-257	IGH	ACTAGAGAGCGACGATATTGTAGTGATACCAGCTGCGGCTCCTACTTTGACTAC	TRERRYCSDTSCGSYFDY	IGHV3-49	IGHD2-2	IGHJ4	54	sn3
nAB-258	IGH	GCGAGAGATGAGAGACGATTTTCGGAGCCGTTATTTACTCTTTCGAGTGCTTTAGGGGGCGGAGCTCCGTCGCGCGGAATGGACGTC	ARDERRFSEPLFTLSSALGGGAPSRGMDV	IGHV1-46	IGHD3-3	IGHJ6	87	sn3
nAB-259	IGH	GCGGCTTCGCCTTATTTCGATCCGCTGACTGCTTTTTCTAGGGCTCCCGGCGGGTTCGACCCC	AASPYFDPLTAFSRAPGGFDP	IGHV4-59	IGHD2-21	IGHJ5	63	sn3
nAB-260	IGH	GCGAAAGATAAGCGCCCCGTGGATGTTGTGACTACGATGTGGGGAGGGCTTCATTATTACTACTACGGTTTGGACGTC	AKDKRPVDVVTTMWGGLHYYYYGLDV	IGHV3-30	IGHD5-12	IGHJ6	78	sn3
nAB-261	IGH	GCGAGAGAGCGAAGAGCCAAATATTCCGATTTTTGGAGTGGCTACGGCAGCTACTATTACTACTACATGGACGTC	ARERRAKYSDFWSGYGSYYYYYMDV	IGHV1-46	IGHD3-3	IGHJ6	75	sn3
nAB-262	IGH	GCGAGAGACGGAAGCCCGTCCAATTATGACATTTTGACTGGTTTTGCTAAATACAACTCTTATAACGGTATGGACGTC	ARDGSPSNYDILTGFAKYNSYNGMDV	IGHV1-46	IGHD3-9	IGHJ6	78	sn3
nAB-263	IGH	GCACGGATCCATGACCGGCTTGGTGGTGACTGCTATTTTGACCCC	ARIHDRLGGDCYFDP	IGHV2-26	IGHD2-21	IGHJ5	45	sn3
nAB-264	IGH	GCCAGACCCGAAAACTCTTGTAACACTACCGCCTGCTATGGTATC	ARPENSCNTTACYGI	IGHV1-69	IGHD2-2	IGHJ4	45	sn3
nAB-265	IGH	ACTAGAGAGCGACGATATTGTAGTAGTACCAGCTGCGGCTCCTACTTTGACTAC	TRERRYCSSTSCGSYFDY	IGHV3-49	IGHD2-2	IGHJ4	54	sn2
nAB-266	IGH	GCGGCCCCGGATTGTAGTAGTACCACCTGCTATGATGGTTTTGATATC	AAPDCSSTTCYDGFDI	IGHV1-58	IGHD2-2	IGHJ3	48	sn2
nAB-267	IGH	GCGAGAGATCACTTTGTACAATCGACATATTTTGACTGGTCCGCGTTGGGGTTTCGGGGGAAGGACTACGCTATGGACGTC	ARDHFVQSTYFDWSALGFRGKDYAMDV	IGHV1-46	IGHD3-9	IGHJ6	81	sn2
nAB-268	IGH	TCTAGAGGGGGTTACTATGATAGTCGTGGTTATATCTTCCGGGGTTTTGACTAC	SRGGYYDSRGYIFRGFDY	IGHV3-49	IGHD3-22	IGHJ4	54	sn2
nAB-269	IGH	GCGAGAGAGTCGTACGGTATGGACGTC	ARESYGMDV	IGHV3-53		IGHJ6	27	sn2
nAB-270	IGH	GCGAGAGATCTCTCAGAGTACGGTTTGGACGTC	ARDLSEYGLDV	IGHV3-53		IGHJ6	33	sn2
nAB-271	IGH	GCGAGAGATCTAGACTACTACGGCATGGACGTC	ARDLDYYGMDV	IGHV3-53		IGHJ6	33	sn2
nAB-272	IGH	GCGAGAGGGTGCCCAGATAGTGGGAGCTTCTTAGGGGACTACTTTGACTCC	ARGCPDSGSFLGDYFDS	IGHV3-33	IGHD1-26	IGHJ4	51	sn2
nAB-273	IGH	GCACGCTCGGTTCGGGGTATTGCTTTTGATATC	ARSVRGIAFDI	IGHV2-70	IGHD3-10	IGHJ3	33	sn2
nAB-274	IGH	GCGGGCGCACAAGGAGACTACTACTTCTACGGTATGGACGTC	AGAQGDYYFYGMDV	IGHV4-59		IGHJ6	42	sn2
nAB-275	IGH	GCGAGAGGGGCTCGATATTGTAGTGGTGGTAGCTGCTATCCCTCTTATTACTTCTACTCCGGTGTGGACGTC	ARGARYCSGGSCYPSYYFYSGVDV	IGHV3-33	IGHD2-15	IGHJ6	72	sn2
nAB-276	IGH	GCGAGAGATCGGGTACCGAGCATTGATACGATTTTTGGAGTGGTTACACCGTGGGTTGATGCTTTCGATATC	ARDRVPSIDTIFGVVTPWVDAFDI	IGHV1-69	IGHD3-3	IGHJ3	72	sn2
nAB-277	IGH	GCGAGAGATACTGGGATGGAGGGTATGGACGTC	ARDTGMEGMDV	IGHV3-48	IGHD2-8	IGHJ6	33	sn2
nAB-278	IGH	GCGAGGTCCCCCGGATACAGGTTTGGAGCCTACTTTGACTGC	ARSPGYRFGAYFDC	IGHV3-30	IGHD5-18	IGHJ4	42	sn2
nAB-279	IGH	GCGAGAGGTCAAATGTATGATTGGACGAAAAACTGGTTCGACCCC	ARGQMYDWTKNWFDP	IGHV1-2	IGHD3-16	IGHJ5	45	sn3
nAB-280	IGH	GTGAGACATGCATTACGTGATGTTGCCTGGTCCATCTTGGGAGCTTTGGGGTTTTCCTGGTTCGACCCC	VRHALRDVAWSILGALGFSWFDP	IGHV4-39	IGHD3-9	IGHJ5	69	sn3
nAB-281	IGH	GCGAGAGGGGACCTTGGGGACGTCCGAGCTGACTAC	ARGDLGDVRADY	IGHV3-53	IGHD3-16	IGHJ4	36	sn3
nAB-282	IGH	GCGAGAGAGTCGGGATATAGTGACAACGGAAGCGCTTACTACTTTGACAAC	ARESGYSDNGSAYYFDN	IGHV1-69	IGHD5-12	IGHJ4	51	sn3
nAB-283	IGH	ACGAGAGATTTAAGAGCAGCTATGGAGCCCCCTCGCTGG	TRDLRAAMEPPRW	IGHV3-48	IGHD5-18	IGHJ4	39	sn3
nAB-284	IGH	ATTCGAGAGCGATGATTTTGTAGTAGTACCAGTTGCGGTTCGGGGTTGGACTG	SRAMIL**YQLRFGVGL	IGHV3-49	IGHD2-2	IGHJ4	53	sn3
nAB-285	IGH	GGGAGAGATCCCTGTTTAAGTGGTCGCGATTTTTTGAGTAATTCCTGCTACTTCTCCGCTATGGACGTC	GRDPCLSGRDFLSNSCYFSAMDV	IGHV1-46	IGHD3-3	IGHJ6	69	sn3
nAB-286	IGH	GCGAGAGATCTCCCCTACGGAGGTAACTCCCATGCGTTTGACTAC	ARDLPYGGNSHAFDY	IGHV3-53	IGHD4-23	IGHJ4	45	sn3
nAB-287	IGH	GCGAGAGATATTACTGCGATGACTTTGGAATGGTTATTTGAGTCTTCCTACTACTACAACGCTATGGACGTC	ARDITAMTLEWLFESSYYYNAMDV	IGHV1-46	IGHD3-3	IGHJ6	72	sn3
nAB-288	IGH	GCGGCACCCAATTGTAATAAGACCACTTGCCATGATGGTTTTGATATC	AAPNCNKTTCHDGFDI	IGHV1-58	IGHD2/OR15-2a	IGHJ3	48	sn3
nAB-289	IGH	GCGCGAGAGTCGGGGTACACTGACTACGGAAGCACTTACTACTTTGACTAC	ARESGYTDYGSTYYFDY	IGHV1-69	IGHD4-17	IGHJ4	51	sn3
nAB-290	IGH	GCGAGAGATGTAGGCAAAGCAGCGACTGGTATTGACGCGCTCGCGGGGGCGGTCAACTACTTCTACGCGCTGGACGTC	ARDVGKAATGIDALAGAVNYFYALDV	IGHV1-46	IGHD6-13	IGHJ6	78	sn3
nAB-291	IGH	GCGAGAGGGGATTCATATAGCAGCCGCTGGAATTTGGGGGGATATTACTACAACCCTATGGACGTC	ARGDSYSSRWNLGGYYYNPMDV	IGHV4-31	IGHD6-13	IGHJ6	66	sn3
nAB-292	IGH	GCGCGAGAGTCGGGGTATACTGACTCCGGAAGCACTTACTACTTTGACTAC	ARESGYTDSGSTYYFDY	IGHV1-69	IGHD1-14	IGHJ4	51	sn3
nAB-293	IGH	GCGAGAGACTATAGCAGTGGCTGGGTGCTTGACCAG	ARDYSSGWVLDQ	IGHV1-69	IGHD6-19	IGHJ4	36	sn3
nAB-294	IGH	GCGAGAGATGGAAGGTCCCGCAGCACAGAGCCTGACGGAACATTTTTTTCCACTTTTGGAGTGACTCCTGTGGGCTGGGTCGACCCC	ARDGRSRSTEPDGTFFSTFGVTPVGWVDP	IGHV1-46	IGHD3-3	IGHJ5	87	sn3
nAB-295	IGH	GCGAGAGGTCAAACGTACAACTGGAAGAAAGACTACTTCGACCCC	ARGQTYNWKKDYFDP	IGHV1-2	IGHD1-1	IGHJ5	45	sn3
nAB-296	IGH	ACTAGAGAGCGACGATATTGTAGTGATACCAGCTGCGGCTCCTACTTTGACTAC	TRERRYCSDTSCGSYFDY	IGHV3-49	IGHD2-2	IGHJ4	54	sn3
nAB-297	IGH	GTGAGACAGAGGGGCCCACTCCAGCGAGAGTACCCCCAGTCGATTGTTCAACTGGTGCATGCTAATAATTGGTTCGACCCC	VRQRGPLQREYPQSIVQLVHANNWFDP	IGHV4-39	IGHD2-8	IGHJ5	81	sn3
nAB-298	IGH	GCGAGAGATGCCAGGAATAATGATAATTACGATATTTTGACTGGTTTTCAGCGTCTGGACCAAAGCATACACGGTATGGACGTC	ARDARNNDNYDILTGFQRLDQSIHGMDV	IGHV1-46	IGHD3-9	IGHJ6	84	sn3
nAB-299	IGH	GCGAGAGATGCGAGCCTCGTGTGGTCTGACGGTATGGACGTC	ARDASLVWSDGMDV	IGHV3-30-3	IGHD2-21	IGHJ6	42	sn3
nAB-300	IGH	GCGAGAGATCAGTTTAGAGATGGGTACAATCTCCTCCATACTCGGGTCTCCTACTACCACGGCATCGACGTC	ARDQFRDGYNLLHTRVSYYHGIDV	IGHV4-61	IGHD5-24	IGHJ6	72	sn3
nAB-301	IGH	GCGAGAGATCTGCCACCCCCGAGGACGGCGTATTTCGATTTGGGGATGGCCTTGGGGGGGAGATACTACAACTACGCCCTGGACGTC	ARDLPPPRTAYFDLGMALGGRYYNYALDV	IGHV1-46	IGHD3-3	IGHJ6	87	sn3
nAB-302	IGH	GCGAAAGAGTCCGGGGAGGGTGGCTTCGATTATTTTGACCAG	AKESGEGGFDYFDQ	IGHV3-30	IGHD5-12	IGHJ4	42	sn3
nAB-303	IGH	GCGAGACACCAGCACGGCGATTGTAGGAGTACCGACTGCTCAATTATGATTGCATTTGGGGGAGTTATCTTCGACTGGTTCGACCCC	ARHQHGDCRSTDCSIMIAFGGVIFDWFDP	IGHV4-39	IGHD3-16	IGHJ5	87	sn3
nAB-304	IGH	GCGAGAGATGCCGCCCTCACAGAATACGATATTTGGAGTGGTTTGGGGGCCCACTTCTTCTACCACATGGACGTC	ARDAALTEYDIWSGLGAHFFYHMDV	IGHV1-46	IGHD3-3	IGHJ6	75	sn3
nAB-305	IGH	GCGAGAGAACTGGGCCCGTACGGTATGGACGTC	ARELGPYGMDV	IGHV3-53	IGHD7-27	IGHJ6	33	sn3
nAB-306	IGH	GCGAAAGTGTATTATTATTTTAGTGGTGGTTATTTCTTTGACTCC	AKVYYYFSGGYFFDS	IGHV3-23	IGHD3-22	IGHJ4	45	sn3
nAB-307	IGH	GCGAGACCCTATGGTTCGGGGAGTGCGGATCTGGGGTACTACATGGACGTC	ARPYGSGSADLGYYMDV	IGHV3-11	IGHD3-10	IGHJ6	51	sn3
nAB-308	IGH	GCGAGAGAACCGAATTCTTTTGGATTTTGTAGTAGTACCAGTTGCTTTGACTTC	AREPNSFGFCSSTSCFDF	IGHV1-69	IGHD2-2	IGHJ4	54	sn3
nAB-309	IGH	GCGAGAGATCTCATGGACTACGGTATGGACGTC	ARDLMDYGMDV	IGHV3-53		IGHJ6	33	sn3
nAB-310	IGH	GCACACAGACGCCCCGATGATTCTGTAATAGTGCCAGCTGCTGCCAACTGGTTCGACCCC	AHRRPDDSVIVPAAANWFDP	IGHV2-5	IGHD2-2	IGHJ5	60	sn3
nAB-311	IGH	GCGAGAGTGGGGGCGAACTATGATAGAAGTGGTTATCAACCGGGCCCCTTCCACTACTACGGTATGGACGTC	ARVGANYDRSGYQPGPFHYYGMDV	IGHV1-69	IGHD3-22	IGHJ6	72	sn3
nAB-312	IGH	GCGAGGGAGACGACCAGTGGCTGGACCCAGCCTTTTGACTAC	ARETTSGWTQPFDY	IGHV1-69	IGHD6-19	IGHJ4	42	sn3
nAB-313	IGH	GCGAGAGAGTCGGGATATAGTGGCTACGGAAGCGCTTACTACTTTGACTAC	ARESGYSGYGSAYYFDY	IGHV1-69	IGHD5-12	IGHJ4	51	sn3
nAB-314	IGH	GCGAGAGAGTCGGGATATAGCGACTACGGAAGCTCTTACTACTTTGATTAC	ARESGYSDYGSSYYFDY	IGHV1-69	IGHD5-12	IGHJ4	51	sn3
nAB-315	IGH	GCGACTATGGATGGCAGTGGCCTTCCACGATCGGCTAACTACTACATGGACGTC	ATMDGSGLPRSANYYMDV	IGHV4-4	IGHD6-19	IGHJ6	54	sn3
nAB-316	IGH	GCGAGAGATTCAGGAGTATATCGATTTTTGGAATGGTCAACATATAACGCCATGGACGTC	ARDSGVYRFLEWSTYNAMDV	IGHV1-46	IGHD3-3	IGHJ6	60	sn3
nAB-317	IGH	GCGAGAGATGTCGGGGACAAGGGGAATTACGATTTTTGGAGTGGTCATTTTTATCTTTCGGGCGGTATGGACGTC	ARDVGDKGNYDFWSGHFYLSGGMDV	IGHV1-46	IGHD3-3	IGHJ6	75	sn3
nAB-318	IGH	GCGAGAACCGCGGGCCTTAATTACTATCAGAGTAGTGTTTATCGGACTAACTGGTTCGACCCC	ARTAGLNYYQSSVYRTNWFDP	IGHV1-69	IGHD3-22	IGHJ5	63	sn3
nAB-319	IGH	GCGAGAGAGTTGTGGGAGCGGGGCGGTATGGACGTC	ARELWERGGMDV	IGHV3-66	IGHD1-26	IGHJ6	36	sn3
nAB-320	IGH	GCGAGAGAGGTTAATGCTTTTGACATC	AREVNAFDI	IGHV3-66	IGHD3-22	IGHJ3	27	sn3
nAB-321	IGH	GCACGGGAGGATATAGCGGCTACGATTAATGCCTTTGATATC	AREDIAATINAFDI	IGHV2-70	IGHD5-12	IGHJ3	42	sn3
nAB-322	IGH	GCGAGAGACTTATACTCCTACGGTATGGACGTC	ARDLYSYGMDV	IGHV3-66		IGHJ6	33	sn3
nAB-323	IGH	GCGAGCTCTGACAGTGGTGATTGGAATCCACTTTATTACTGGCGCTTCGATCTC	ASSDSGDWNPLYYWRFDL	IGHV1-69	IGHD2-21	IGHJ2	54	sn3
nAB-324	IGH	GCGAGAGATGGTCGCTGGCCCGGGGCAGTGACTCCAGTCGGGTACTTCGACCCC	ARDGRWPGAVTPVGYFDP	IGHV3-33	IGHD4-11	IGHJ5	54	sn3
nAB-325	IGH	GCGAGAGCCCCATATCAGTTTGATGATAGTGGTTATACCCATGCTTTAGATATC	ARAPYQFDDSGYTHALDI	IGHV1-69	IGHD3-22	IGHJ3	54	sn3
nAB-326	IGH	GCACTCTCGACCACCGAGAAGATTTTTGATATC	ALSTTEKIFDI	IGHV2-5	IGHD1-14	IGHJ3	33	sn3
nAB-327	IGH	GCGGCCCCAAATTGTGGTCCTGCTGCTGGTAGCTGCTCCGACGGCTTTGATATC	AAPNCGPAAGSCSDGFDI	IGHV1-58	IGHD2-15	IGHJ3	54	sn3
nAB-328	IGH	TTCGCGGTATATGATTCCGTTTGGGGGAGTTATCGTTATTTCCTGAAGTGGTTCGACCCC	FAVYDSVWGSYRYFLKWFDP	IGHV3-73	IGHD3-16	IGHJ5	60	sn3
nAB-329	IGH	GCGAGAGATACACCCGACCGTATAGCAGGTCGTCCTTCCTATTACTACTACGCTATGGACGTC	ARDTPDRIAGRPSYYYYAMDV	IGHV1-69	IGHD6-6	IGHJ6	63	sn3
nAB-330	IGH	GCGAGAGATAACGAGATGGCTCCCTTGTACGGTATGGACGTC	ARDNEMAPLYGMDV	IGHV1-69	IGHD5-24	IGHJ6	42	sn3
nAB-331	IGH	GCGAGAGAGTTGGGGGATACGCATCCCGATTTTTGGAGTGGTTATTCGGGTCACTACTACTACTACATGGACGTC	ARELGDTHPDFWSGYSGHYYYYMDV	IGHV1-46	IGHD3-3	IGHJ6	75	sn3
nAB-332	IGH	GCGAGAGAGCAACTTGGGACGGAGGGGGGATTTTGGAGTGGTTATTCCAAATACTACCACTACTACATGGACGTC	AREQLGTEGGFWSGYSKYYHYYMDV	IGHV1-46	IGHD3-3	IGHJ6	75	sn3
nAB-333	IGH	GCGGGCTATACTAGTGGCAATTGGGGTGATGCTTTTGATATC	AGYTSGNWGDAFDI	IGHV1-69	IGHD3-22	IGHJ3	42	sn3
nAB-334	IGH	GCGAGATCTTTCAAAAATGAAGTTTTATTTTACGATGGGTATTTCCCCCCCTATTATTACTACGGTATGGACGTC	ARSFKNEVLFYDGYFPPYYYYGMDV	IGHV3-30-3	IGHD3-3	IGHJ6	75	sn3
nAB-335	IGH	GCGAGAGTCTCAGTAGTGCCTGGGACAATAGGCGATGCTTTTGATATC	ARVSVVPGTIGDAFDI	IGHV4-61	IGHD3-22	IGHJ3	48	sn3
nAB-336	IGH	GCGAGACATAAAGATTACTATGACAGTAGTGATGCGACGGTTTTTGACTCC	ARHKDYYDSSDATVFDS	IGHV4-31	IGHD3-22	IGHJ4	51	sn3
nAB-337	IGH	GCACGGACCCATATGTCAGGGCGTATAGCAGCACCTGGTCCTATTTTCTGGTTCGACCCC	ARTHMSGRIAAPGPIFWFDP	IGHV2-70	IGHD6-13	IGHJ5	60	sn3
nAB-338	IGH	GCGCGAGGTCAAACGTACGACTGGAAGAAAGACTGGTTCGACCCC	ARGQTYDWKKDWFDP	IGHV1-2	IGHD1-1	IGHJ5	45	sn3
nAB-339	IGH	GCAAAATCGGTAGGTTACGAGATCTTGACTGGTTCAGACTACATGGACGTC	AKSVGYEILTGSDYMDV	IGHV3-9	IGHD3-9	IGHJ6	51	sn3
nAB-340	IGH	GCGAAGGATGGCTATTCTGATATTAGTGGTTATCCCTTTGGTGACTACTACCTTGACTTC	AKDGYSDISGYPFGDYYLDF	IGHV3-30	IGHD3-22	IGHJ4	60	sn3
nAB-341	IGH	GCGAGACATGGCATAGTGGTGGTGTCTGACAGCCAACGGAGTTGGTTCGACCCC	ARHGIVVVSDSQRSWFDP	IGHV4-39	IGHD2-21	IGHJ5	54	sn3
nAB-342	IGH	GCGGCACCCAATTGTAATAGGACCACCTGCCATGATGGTTTTGATATC	AAPNCNRTTCHDGFDI	IGHV1-58	IGHD2-2	IGHJ3	48	sn3
nAB-343	IGH	GCGAGAGATTATTTTAGCATAACTATGGGTGACAGTACTGGTTTTGTCTAC	ARDYFSITMGDSTGFVY	IGHV1-46	IGHD2-8	IGHJ4	51	sn3
nAB-344	IGH	GCGAGACAACAGGGGAGAGATACTAGTACCTGGTTTGTTCTCGTCGGACCCACGAAGAATTGGTTCGACCCT	ARQQGRDTSTWFVLVGPTKNWFDP	IGHV4-39	IGHD2-2	IGHJ5	72	sn3